ddon id="repository.JrREPO" name=" JrRepo" version=" 1.0" provider-name=" auberio1311">
<extension point="xbmc.addon.repository" name="Nome Repository">
<dir>
<info compressed="false">https://raw.githubusercontent.com/auberio1311/JrRepo/master/zips/addons.xml</info>
<checksum>https://raw.githubusercontent.com/auberio1311/JrRepo/master/zips/addons.xml.md5</checksum>
<datadir zip="true">https://raw.githubusercontent.com/auberio1311/JrRepo/master/zips/</datadir>
</dir>
</extension>
<extension point="xbmc.addon.metadata">
<summary> JrRepo</summary>
<description> Teste</description>
<disclaimer/>
<platform>all</platform>
<assets>
<icon>icon.png</icon>
<fanart>fanart.jpg</fanart>
</assets>
</extension>
</addon>